INITIALIZATION
CREATE TABLE JOIN_TABLE_1(ID INT, NAME CHAR);
SUCCESS
INSERT INTO JOIN_TABLE_1 VALUES (1, 'APPLE');
SUCCESS
INSERT INTO JOIN_TABLE_1 VALUES (2, 'PINEAPPLE');
SUCCESS
INSERT INTO JOIN_TABLE_1 VALUES (3, 'CMDD');
SUCCESS

SELECT * FROM JOIN_TABLE_1 WHERE NAME LIKE 'C%';
ID | NAME
3 | CMDD

SELECT * FROM JOIN_TABLE_1 WHERE NAME LIKE 'P%';
ID | NAME
2 | PINE

SELECT * FROM JOIN_TABLE_1 WHERE NAME NOT LIKE 'P%';
ID | NAME
1 | APPL
3 | CMDD

SELECT * FROM JOIN_TABLE_1 WHERE NAME NOT LIKE 'P%' AND NAME NOT LIKE '%A';
ID | NAME
1 | APPL
3 | CMDD
